name,institution,country,subfield,nominator_group,reason
Igor Abrikosov,Linköping University,Sweden,condensed matter theory,academy_member,"An Academy member working in condensed matter theory, this scientist fits the statutory academy-member nominator group."
Olga Botner,Uppsala University,Sweden,neutrino physics,academy_member,"An Academy member working in neutrino physics, this scientist fits the statutory academy-member nominator group."
Mohamed Bourennane,Stockholm University,Sweden,quantum information,academy_member,"An Academy member working in quantum information, this scientist fits the statutory academy-member nominator group."
Gert Brodin,Umeå University,Sweden,plasma physics,academy_member,"An Academy member working in plasma physics, this scientist fits the statutory academy-member nominator group."
Tünde Fülöp,Chalmers University of Technology,Sweden,fusion plasma physics,academy_member,"An Academy member working in fusion plasma physics, this scientist fits the statutory academy-member nominator group."
Ellen Moons,Karlstad University,Sweden,photovoltaic materials,academy_member,"An Academy member working in photovoltaic materials, this scientist fits the statutory academy-member nominator group."
Hiranya Peiris,University College London,United Kingdom,cosmology,academy_member,"An Academy member working in cosmology, this scientist fits the statutory academy-member nominator group."
Yoshinori Tokura,University of Tokyo,Japan,quantum materials,academy_member,"An Academy member working in quantum materials, this scientist fits the statutory academy-member nominator group."
Klaus Blaum,Max Planck Institute for Nuclear Physics,Germany,precision atomic physics,academy_member,"An Academy member working in precision atomic physics, this scientist fits the statutory academy-member nominator group."
Donna Strickland,University of Waterloo,Canada,ultrafast laser physics,laureate,"A Physics Nobel laureate associated with ultrafast laser physics, this scientist fits the statutory laureate nominator group."
Andrea Ghez,University of California Los Angeles,United States,galactic center astrophysics,laureate,"A Physics Nobel laureate associated with galactic center astrophysics, this scientist fits the statutory laureate nominator group."
Giorgio Parisi,Sapienza University of Rome,Italy,statistical physics,laureate,"A Physics Nobel laureate associated with statistical physics, this scientist fits the statutory laureate nominator group."
Ferenc Krausz,Max Planck Institute of Quantum Optics,Germany,attosecond physics,laureate,"A Physics Nobel laureate associated with attosecond physics, this scientist fits the statutory laureate nominator group."
Alain Aspect,Institut d'Optique Graduate School - Université Paris-Saclay,France,quantum foundations,laureate,"A Physics Nobel laureate associated with quantum foundations, this scientist fits the statutory laureate nominator group."
Didier Queloz,University of Cambridge,United Kingdom,exoplanet astronomy,laureate,"A Physics Nobel laureate associated with exoplanet astronomy, this scientist fits the statutory laureate nominator group."
Anton Zeilinger,University of Vienna,Austria,quantum information,laureate,"A Physics Nobel laureate associated with quantum information, this scientist fits the statutory laureate nominator group."
Sara Strandberg,Stockholm University,Sweden,experimental particle physics,nordic_professor,"A professor working in experimental particle physics at Stockholm University, this scientist fits the statutory Nordic-professor group."
Ariel Goobar,Stockholm University,Sweden,supernova cosmology,nordic_professor,"A professor working in supernova cosmology at Stockholm University, this scientist fits the statutory Nordic-professor group."
Christian Forssén,Chalmers University of Technology,Sweden,nuclear theory,nordic_professor,"A professor working in nuclear theory at Chalmers University of Technology, this scientist fits the statutory Nordic-professor group."
Val Zwiller,KTH Royal Institute of Technology,Sweden,quantum photonics,nordic_professor,"A professor working in quantum photonics at KTH Royal Institute of Technology, this scientist fits the statutory Nordic-professor group."
Janne Wallenius,KTH Royal Institute of Technology,Sweden,nuclear physics and energy,nordic_professor,"A professor working in nuclear physics and energy at KTH Royal Institute of Technology, this scientist fits the statutory Nordic-professor group."
Johan Åkerman,University of Gothenburg,Sweden,spintronics,nordic_professor,"A professor working in spintronics at University of Gothenburg, this scientist fits the statutory Nordic-professor group."
Michael Kachelriess,Norwegian University of Science and Technology,Norway,astroparticle physics,nordic_professor,"A professor working in astroparticle physics at Norwegian University of Science and Technology, this scientist fits the statutory Nordic-professor group."
Randi Holmestad,Norwegian University of Science and Technology,Norway,materials physics,nordic_professor,"A professor working in materials physics at Norwegian University of Science and Technology, this scientist fits the statutory Nordic-professor group."
Anna Lipniacka,University of Bergen,Norway,experimental particle physics,nordic_professor,"A professor working in experimental particle physics at University of Bergen, this scientist fits the statutory Nordic-professor group."
Sabrina Sartori,University of Oslo,Norway,materials physics and energy storage,nordic_professor,"A professor working in materials physics and energy storage at University of Oslo, this scientist fits the statutory Nordic-professor group."
Jes Kristian Jørgensen,University of Copenhagen,Denmark,star formation astrophysics,nordic_professor,"A professor working in star formation astrophysics at University of Copenhagen, this scientist fits the statutory Nordic-professor group."
Charles Marcus,University of Copenhagen,Denmark,quantum condensed matter,nordic_professor,"A professor working in quantum condensed matter at University of Copenhagen, this scientist fits the statutory Nordic-professor group."
Lars Bojer Madsen,Aarhus University,Denmark,strong field atomic physics,nordic_professor,"A professor working in strong field atomic physics at Aarhus University, this scientist fits the statutory Nordic-professor group."
Jesper Mørk,Technical University of Denmark,Denmark,semiconductor photonics,nordic_professor,"A professor working in semiconductor photonics at Technical University of Denmark, this scientist fits the statutory Nordic-professor group."
Minna Palmroth,University of Helsinki,Finland,space plasma physics,nordic_professor,"A professor working in space plasma physics at University of Helsinki, this scientist fits the statutory Nordic-professor group."
Simo Huotari,University of Helsinki,Finland,X-ray spectroscopy,nordic_professor,"A professor working in X-ray spectroscopy at University of Helsinki, this scientist fits the statutory Nordic-professor group."
Mikko Alava,Aalto University,Finland,complex systems and materials,nordic_professor,"A professor working in complex systems and materials at Aalto University, this scientist fits the statutory Nordic-professor group."
Anu Kankainen,University of Jyväskylä,Finland,experimental nuclear physics,nordic_professor,"A professor working in experimental nuclear physics at University of Jyväskylä, this scientist fits the statutory Nordic-professor group."
Lárus Thorlacius,University of Iceland,Iceland,quantum gravity,nordic_professor,"A professor working in quantum gravity at University of Iceland, this scientist fits the statutory Nordic-professor group."
Nergis Mavalvala,Massachusetts Institute of Technology,United States,gravitational wave physics,invited_university_professor,"A professor working in gravitational wave physics at Massachusetts Institute of Technology, this scientist is a plausible candidate for the Academy's rotating university invitations."
Pablo Jarillo-Herrero,Massachusetts Institute of Technology,United States,two dimensional quantum materials,invited_university_professor,"A professor working in two dimensional quantum materials at Massachusetts Institute of Technology, this scientist is a plausible candidate for the Academy's rotating university invitations."
Anna Frebel,Massachusetts Institute of Technology,United States,stellar astrophysics,invited_university_professor,"A professor working in stellar astrophysics at Massachusetts Institute of Technology, this scientist is a plausible candidate for the Academy's rotating university invitations."
Mikhail Lukin,Harvard University,United States,atomic physics and quantum information,invited_university_professor,"A professor working in atomic physics and quantum information at Harvard University, this scientist is a plausible candidate for the Academy's rotating university invitations."
Lisa Randall,Harvard University,United States,particle theory and cosmology,invited_university_professor,"A professor working in particle theory and cosmology at Harvard University, this scientist is a plausible candidate for the Academy's rotating university invitations."
Jelena Vučković,Stanford University,United States,nanophotonics,invited_university_professor,"A professor working in nanophotonics at Stanford University, this scientist is a plausible candidate for the Academy's rotating university invitations."
Mark Kasevich,Stanford University,United States,atom interferometry,invited_university_professor,"A professor working in atom interferometry at Stanford University, this scientist is a plausible candidate for the Academy's rotating university invitations."
Holger Müller,University of California Berkeley,United States,precision atomic physics,invited_university_professor,"A professor working in precision atomic physics at University of California Berkeley, this scientist is a plausible candidate for the Academy's rotating university invitations."
James Analytis,University of California Berkeley,United States,quantum materials,invited_university_professor,"A professor working in quantum materials at University of California Berkeley, this scientist is a plausible candidate for the Academy's rotating university invitations."
Rana Adhikari,California Institute of Technology,United States,gravitational wave instrumentation,invited_university_professor,"A professor working in gravitational wave instrumentation at California Institute of Technology, this scientist is a plausible candidate for the Academy's rotating university invitations."
Maria Spiropulu,California Institute of Technology,United States,experimental particle physics,invited_university_professor,"A professor working in experimental particle physics at California Institute of Technology, this scientist is a plausible candidate for the Academy's rotating university invitations."
David Awschalom,University of Chicago,United States,spintronics and quantum information,invited_university_professor,"A professor working in spintronics and quantum information at University of Chicago, this scientist is a plausible candidate for the Academy's rotating university invitations."
Itai Cohen,Cornell University,United States,soft matter and biophysics,invited_university_professor,"A professor working in soft matter and biophysics at Cornell University, this scientist is a plausible candidate for the Academy's rotating university invitations."
Brian DeMarco,University of Illinois Urbana-Champaign,United States,ultracold atoms,invited_university_professor,"A professor working in ultracold atoms at University of Illinois Urbana-Champaign, this scientist is a plausible candidate for the Academy's rotating university invitations."
Robert McDermott,University of Wisconsin-Madison,United States,superconducting quantum circuits,invited_university_professor,"A professor working in superconducting quantum circuits at University of Wisconsin-Madison, this scientist is a plausible candidate for the Academy's rotating university invitations."
Edoardo Baldini,University of Texas at Austin,United States,ultrafast quantum materials,invited_university_professor,"A professor working in ultrafast quantum materials at University of Texas at Austin, this scientist is a plausible candidate for the Academy's rotating university invitations."
Chad Hanna,Pennsylvania State University,United States,gravitational wave astrophysics,invited_university_professor,"A professor working in gravitational wave astrophysics at Pennsylvania State University, this scientist is a plausible candidate for the Academy's rotating university invitations."
Laura Lopez,Ohio State University,United States,supernova astrophysics,invited_university_professor,"A professor working in supernova astrophysics at Ohio State University, this scientist is a plausible candidate for the Academy's rotating university invitations."
Marcia Rieke,University of Arizona,United States,infrared astronomy,invited_university_professor,"A professor working in infrared astronomy at University of Arizona, this scientist is a plausible candidate for the Academy's rotating university invitations."
Shih-Chieh Hsu,University of Washington,United States,experimental particle physics,invited_university_professor,"A professor working in experimental particle physics at University of Washington, this scientist is a plausible candidate for the Academy's rotating university invitations."
Victoria Kaspi,McGill University,Canada,neutron star astrophysics,invited_university_professor,"A professor working in neutron star astrophysics at McGill University, this scientist is a plausible candidate for the Academy's rotating university invitations."
Aephraim Steinberg,University of Toronto,Canada,quantum optics,invited_university_professor,"A professor working in quantum optics at University of Toronto, this scientist is a plausible candidate for the Academy's rotating university invitations."
Mark Van Raamsdonk,University of British Columbia,Canada,quantum gravity,invited_university_professor,"A professor working in quantum gravity at University of British Columbia, this scientist is a plausible candidate for the Academy's rotating university invitations."
Paulo Nussenzveig,University of São Paulo,Brazil,quantum optics,invited_university_professor,"A professor working in quantum optics at University of São Paulo, this scientist is a plausible candidate for the Academy's rotating university invitations."
Alejandro Frank,National Autonomous University of Mexico,Mexico,nuclear physics,invited_university_professor,"A professor working in nuclear physics at National Autonomous University of Mexico, this scientist is a plausible candidate for the Academy's rotating university invitations."
Richard Friend,University of Cambridge,United Kingdom,semiconductor physics,invited_university_professor,"A professor working in semiconductor physics at University of Cambridge, this scientist is a plausible candidate for the Academy's rotating university invitations."
Anthony Challinor,University of Cambridge,United Kingdom,observational cosmology,invited_university_professor,"A professor working in observational cosmology at University of Cambridge, this scientist is a plausible candidate for the Academy's rotating university invitations."
Ian Walmsley,University of Oxford,United Kingdom,quantum optics,invited_university_professor,"A professor working in quantum optics at University of Oxford, this scientist is a plausible candidate for the Academy's rotating university invitations."
Michele Dougherty,Imperial College London,United Kingdom,space physics,invited_university_professor,"A professor working in space physics at Imperial College London, this scientist is a plausible candidate for the Academy's rotating university invitations."
Carlos Frenk,Durham University,United Kingdom,computational cosmology,invited_university_professor,"A professor working in computational cosmology at Durham University, this scientist is a plausible candidate for the Academy's rotating university invitations."
Immanuel Bloch,Ludwig Maximilian University of Munich,Germany,ultracold atom physics,invited_university_professor,"A professor working in ultracold atom physics at Ludwig Maximilian University of Munich, this scientist is a plausible candidate for the Academy's rotating university invitations."
Elisa Resconi,Technical University of Munich,Germany,neutrino astrophysics,invited_university_professor,"A professor working in neutrino astrophysics at Technical University of Munich, this scientist is a plausible candidate for the Academy's rotating university invitations."
Michael Köhl,University of Bonn,Germany,experimental quantum physics,invited_university_professor,"A professor working in experimental quantum physics at University of Bonn, this scientist is a plausible candidate for the Academy's rotating university invitations."
Klaus Richter,University of Regensburg,Germany,mesoscopic physics,invited_university_professor,"A professor working in mesoscopic physics at University of Regensburg, this scientist is a plausible candidate for the Academy's rotating university invitations."
Sylvain Gigan,Sorbonne University,France,optical imaging and mesoscopic physics,invited_university_professor,"A professor working in optical imaging and mesoscopic physics at Sorbonne University, this scientist is a plausible candidate for the Academy's rotating university invitations."
Julien Laurat,Sorbonne University,France,quantum optics,invited_university_professor,"A professor working in quantum optics at Sorbonne University, this scientist is a plausible candidate for the Academy's rotating university invitations."
Jean-François Roch,École normale supérieure Paris-Saclay,France,quantum sensing,invited_university_professor,"A professor working in quantum sensing at École normale supérieure Paris-Saclay, this scientist is a plausible candidate for the Academy's rotating university invitations."
Jean-Louis Barrat,Université Grenoble Alpes,France,soft matter physics,invited_university_professor,"A professor working in soft matter physics at Université Grenoble Alpes, this scientist is a plausible candidate for the Academy's rotating university invitations."
Andreas Wallraff,ETH Zurich,Switzerland,superconducting quantum circuits,invited_university_professor,"A professor working in superconducting quantum circuits at ETH Zurich, this scientist is a plausible candidate for the Academy's rotating university invitations."
Tobias Kippenberg,École Polytechnique Fédérale de Lausanne,Switzerland,cavity optomechanics,invited_university_professor,"A professor working in cavity optomechanics at École Polytechnique Fédérale de Lausanne, this scientist is a plausible candidate for the Academy's rotating university invitations."
Jelena Klinovaja,University of Basel,Switzerland,topological quantum matter,invited_university_professor,"A professor working in topological quantum matter at University of Basel, this scientist is a plausible candidate for the Academy's rotating university invitations."
Marica Branchesi,Gran Sasso Science Institute,Italy,multimessenger astrophysics,invited_university_professor,"A professor working in multimessenger astrophysics at Gran Sasso Science Institute, this scientist is a plausible candidate for the Academy's rotating university invitations."
Paolo Villoresi,University of Padua,Italy,quantum communications,invited_university_professor,"A professor working in quantum communications at University of Padua, this scientist is a plausible candidate for the Academy's rotating university invitations."
Ronald Hanson,Delft University of Technology,Netherlands,quantum networks,invited_university_professor,"A professor working in quantum networks at Delft University of Technology, this scientist is a plausible candidate for the Academy's rotating university invitations."
Ewine van Dishoeck,Leiden University,Netherlands,astrochemistry,invited_university_professor,"A professor working in astrochemistry at Leiden University, this scientist is a plausible candidate for the Academy's rotating university invitations."
Licia Verde,University of Barcelona,Spain,cosmology,invited_university_professor,"A professor working in cosmology at University of Barcelona, this scientist is a plausible candidate for the Academy's rotating university invitations."
Jian-Wei Pan,University of Science and Technology of China,China,quantum information,invited_university_professor,"A professor working in quantum information at University of Science and Technology of China, this scientist is a plausible candidate for the Academy's rotating university invitations."
Xincheng Xie,Peking University,China,condensed matter theory,invited_university_professor,"A professor working in condensed matter theory at Peking University, this scientist is a plausible candidate for the Academy's rotating university invitations."
Limin Tong,Zhejiang University,China,nanophotonics,invited_university_professor,"A professor working in nanophotonics at Zhejiang University, this scientist is a plausible candidate for the Academy's rotating university invitations."
Yuanbo Zhang,Fudan University,China,two dimensional materials,invited_university_professor,"A professor working in two dimensional materials at Fudan University, this scientist is a plausible candidate for the Academy's rotating university invitations."
Hidetoshi Katori,University of Tokyo,Japan,optical atomic clocks,invited_university_professor,"A professor working in optical atomic clocks at University of Tokyo, this scientist is a plausible candidate for the Academy's rotating university invitations."
Yukio Tanaka,Nagoya University,Japan,topological superconductivity,invited_university_professor,"A professor working in topological superconductivity at Nagoya University, this scientist is a plausible candidate for the Academy's rotating university invitations."
Takahiko Sasaki,Tohoku University,Japan,condensed matter physics,invited_university_professor,"A professor working in condensed matter physics at Tohoku University, this scientist is a plausible candidate for the Academy's rotating university invitations."
Arindam Ghosh,Indian Institute of Science,India,mesoscopic condensed matter,invited_university_professor,"A professor working in mesoscopic condensed matter at Indian Institute of Science, this scientist is a plausible candidate for the Academy's rotating university invitations."
Kantimay Das Gupta,Indian Institute of Technology Bombay,India,mesoscopic physics,invited_university_professor,"A professor working in mesoscopic physics at Indian Institute of Technology Bombay, this scientist is a plausible candidate for the Academy's rotating university invitations."
Harshawardhan Wanare,Indian Institute of Technology Kanpur,India,nonlinear optics,invited_university_professor,"A professor working in nonlinear optics at Indian Institute of Technology Kanpur, this scientist is a plausible candidate for the Academy's rotating university invitations."
Seok Kim,Seoul National University,South Korea,high energy theory,invited_university_professor,"A professor working in high energy theory at Seoul National University, this scientist is a plausible candidate for the Academy's rotating university invitations."
Heejun Yang,Korea Advanced Institute of Science and Technology,South Korea,quantum materials,invited_university_professor,"A professor working in quantum materials at Korea Advanced Institute of Science and Technology, this scientist is a plausible candidate for the Academy's rotating university invitations."
Matthew Bailes,Swinburne University of Technology,Australia,radio astrophysics,invited_university_professor,"A professor working in radio astrophysics at Swinburne University of Technology, this scientist is a plausible candidate for the Academy's rotating university invitations."
Michelle Simmons,University of New South Wales,Australia,silicon quantum devices,invited_university_professor,"A professor working in silicon quantum devices at University of New South Wales, this scientist is a plausible candidate for the Academy's rotating university invitations."
Mordechai Segev,Technion - Israel Institute of Technology,Israel,nonlinear photonics,invited_university_professor,"A professor working in nonlinear photonics at Technion - Israel Institute of Technology, this scientist is a plausible candidate for the Academy's rotating university invitations."
Yael Shadmi,Technion - Israel Institute of Technology,Israel,particle theory,invited_university_professor,"A professor working in particle theory at Technion - Israel Institute of Technology, this scientist is a plausible candidate for the Academy's rotating university invitations."
Amanda Weltman,University of Cape Town,South Africa,cosmology,invited_university_professor,"A professor working in cosmology at University of Cape Town, this scientist is a plausible candidate for the Academy's rotating university invitations."
Nima Arkani-Hamed,Institute for Advanced Study,United States,particle theory,other_invited,"A senior scientist working in particle theory at Institute for Advanced Study, this scientist is a plausible candidate for a discretionary Academy invitation."
Ronald Lipton,Fermi National Accelerator Laboratory,United States,particle detector physics,other_invited,"A senior scientist working in particle detector physics at Fermi National Accelerator Laboratory, this scientist is a plausible candidate for a discretionary Academy invitation."
