candidate_id,discovery,nominees,other_names,subfield,n_nominations,nominators
c01,Experimental Higgs boson discovery with ATLAS and CMS,Peter Jenni; Tejinder Virdee; Michel Della Negra,Fabiola Gianotti,Experimental particle physics,5,hsu-shih-chieh; lipniacka-anna; randall-lisa; spiropulu-maria; strandberg-sara
c02,High-energy astrophysical neutrinos with IceCube,Francis Halzen; Albrecht Karle; Christian Spiering,,Astroparticle physics / neutrino astronomy,5,botner-olga; branchesi-marica; kachelriess-michael; lopez-laura; resconi-elisa
c03,Optical lattice atomic clocks,Hidetoshi Katori; Jun Ye,,"Atomic, molecular and optical physics / precision measurement",4,blaum-klaus; kasevich-mark; kippenberg-tobias; krausz-ferenc
c04,Photonic crystals and photonic band gaps,Eli Yablonovitch; Sajeev John; Susumu Noda,Philip St. J. Russell,Optics and photonics / nanophotonics,4,mork-jesper; segev-mordechai; tong-limin; vuckovic-jelena
c05,Quantum key distribution and entanglement-based cryptography,Charles H. Bennett; Gilles Brassard; Artur K. Ekert,,Quantum information and quantum optics,4,bourennane-mohamed; pan-jian-wei; villoresi-paolo; zeilinger-anton
c06,Hubbard-model quantum simulation with ultracold atoms in optical lattices,Immanuel Bloch; Markus Greiner; Peter Zoller,Tilman Esslinger; Juan Ignacio Cirac,"Atomic, molecular and optical physics / quantum simulation",3,demarco-brian; kohl-michael; lukin-mikhail
c07,Magic-angle twisted bilayer graphene and correlated moiré matter,Pablo Jarillo-Herrero; Allan H. MacDonald; Rafi Bistritzer,,Condensed matter physics - two-dimensional quantum materials,3,ghosh-arindam; yang-heejun; zhang-yuanbo
c08,Optical control of diamond defect spins for quantum sensing and networks,Jörg Wrachtrup; Mikhail Lukin; Ronald Hanson,David D. Awschalom; Ronald L. Walsworth,Quantum physics / solid-state quantum technologies,3,awschalom-david; hanson-ronald; roch-jean-francois
c09,Squeezed light for quantum-enhanced interferometry,Nergis Mavalvala; Roman Schnabel; Carlton M. Caves,H. Jeff Kimble,Quantum optics and precision measurement,3,adhikari-rana; nussenzveig-paulo; walmsley-ian
c10,Aberration-corrected transmission electron microscopy,Harald Rose; Maximilian Haider; Knut Urban,,Condensed matter and materials physics / electron optics and microscopy,2,holmestad-randi; wallenius-janne
c11,Aharonov-Bohm effect and Berry geometric phase,Michael V. Berry; Yakir Aharonov,,Quantum physics / condensed matter theory (geometric and topological phases),2,richter-klaus; steinberg-aephraim
c12,Atom interferometry for precision measurement,Mark A. Kasevich; Christian J. Bordé; Holger Müller,David E. Pritchard,"Atomic, molecular and optical physics / precision measurement",2,katori-hidetoshi; muller-holger
c13,Cosmic inflation and the quantum origin of structure,Alan H. Guth; Andrei Linde; Viatcheslav Mukhanov,,Cosmology / theoretical high-energy physics,2,arkani-hamed-nima; challinor-anthony
c14,Dynamical mean-field theory of strongly correlated electrons,Antoine Georges; Gabriel Kotliar; Dieter Vollhardt,,Theoretical condensed matter physics,2,abrikosov-igor; sasaki-takahiko
c15,Event Horizon Telescope imaging of black holes,Sheperd S. Doeleman; Heino Falcke; Ramesh Narayan,,Astrophysics / black hole physics / very-long-baseline interferometry,2,ghez-andrea; thorlacius-larus
c16,Fast radio bursts,Duncan R. Lorimer; Matthew Bailes; Maura A. McLaughlin,,Astrophysics / radio transients and neutron stars,2,kaspi-victoria; weltman-amanda
c17,Jamming transition and rigidity in disordered matter,Andrea J. Liu; Sidney R. Nagel,,Soft condensed matter and statistical physics of disordered systems,2,barrat-jean-louis; cohen-itai
c18,Kilonovae and neutron-star-merger r-process nucleosynthesis,Brian D. Metzger; Daniel Kasen; Edo Berger,Tsvi Piran,Nuclear astrophysics / multi-messenger astronomy,2,frebel-anna; kankainen-anu
c19,Metal-halide perovskite solar cells,Tsutomu Miyasaka; Henry J. Snaith; Nam-Gyu Park,,Condensed matter and materials physics / photovoltaics,2,moons-ellen; sartori-sabrina
c20,Nanohertz gravitational-wave background from pulsar timing arrays,Maura McLaughlin; Xavier Siemens; Michael Kramer,,Gravitational-wave astrophysics / radio pulsar astronomy,2,bailes-matthew; hanna-chad
c21,Topological insulators and the quantum spin Hall effect,Charles L. Kane; Laurens W. Molenkamp; Eugene J. Mele,M. Zahid Hasan,Condensed matter physics (topological phases of matter),2,klinovaja-jelena; tokura-yoshinori
c22,WMAP cosmic microwave background mapping and precision cosmology,Charles L. Bennett; David N. Spergel; Lyman A. Page,,Cosmology / cosmic microwave background,2,peiris-hiranya; verde-licia
c23,Zero-field fractional Chern insulators in moiré materials,Xiaodong Xu; Jie Shan; Kin Fai Mak,,"Experimental condensed matter physics (2D materials, topological and correlated quantum matter)",2,jarillo-herrero-pablo; marcus-charles
c24,AdS/CFT gauge-gravity holographic duality,Juan Maldacena; Edward Witten; Alexander M. Polyakov,,Theoretical high-energy physics / quantum gravity,1,van-raamsdonk-mark
c25,Baryon acoustic oscillations as a cosmological standard ruler,Daniel J. Eisenstein; Shaun Cole; Matthew Colless,,Observational cosmology,1,goobar-ariel
c26,"Cavity method, constraint satisfaction, and statistical-physics inference",Marc Mézard; Riccardo Zecchina; Andrea Montanari,,Statistical physics of disordered systems,1,parisi-giorgio
c27,Cavity optomechanics and quantum control of mechanical motion,Markus Aspelmeyer; Tobias J. Kippenberg; Oskar Painter,,Quantum optics / cavity optomechanics,1,mavalvala-nergis
c28,Circuit quantum electrodynamics,Robert J. Schoelkopf; Alexandre Blais; Andreas Wallraff,,Quantum physics / superconducting quantum circuits,1,mcdermott-robert
c29,Coherent light-matter interfaces for quantum networks,H. Jeff Kimble; Gerhard Rempe; Mikhail Lukin,,Quantum optics / quantum information,1,laurat-julien
c30,Cold dark matter and hierarchical cosmic structure formation,Simon D. M. White; Martin J. Rees; Sandra M. Faber,,Cosmology and astrophysics,1,frenk-carlos
c31,Deterministic semiconductor quantum-dot single-photon sources,Ataç İmamoğlu; Yoshihisa Yamamoto; Peter Michler,,Quantum optics / quantum photonics,1,zwiller-val
c32,Early-universe galaxy populations and cosmic reionization,Charles C. Steidel; Garth D. Illingworth; Richard S. Ellis,,Astrophysics and cosmology (observational extragalactic astronomy),1,rieke-marcia
c33,Electron recollision and quantum theory of strong-field interactions,Paul B. Corkum; Maciej Lewenstein,,"Atomic, molecular and optical physics: strong-field and attosecond physics",1,madsen-lars-bojer
c34,Electron-scale magnetic reconnection in space plasmas,James L. Burch; Tai D. Phan; Michael Hesse,,Space plasma physics,1,palmroth-minna
c35,Exciton condensation in quantum Hall bilayers,James P. Eisenstein; Allan H. MacDonald; Steven M. Girvin,,Condensed matter physics: many-body physics in low-dimensional semiconductor systems,1,das-gupta-kantimay
c36,Exoplanet atmosphere detection and spectroscopy,David Charbonneau; Sara Seager; Ignas Snellen,,"Astrophysics (exoplanets, molecular spectroscopy)",1,van-dishoeck-ewine
c37,Exoplanet transits and the Kepler census of planetary systems,William J. Borucki; David Charbonneau; Gregory W. Henry,,Astrophysics / Exoplanets,1,queloz-didier
c38,First exoplanet transits and first sodium-atmosphere detection,David Charbonneau; Gregory W. Henry; Sara Seager,,Astrophysics / planetary physics (exoplanets),1,dougherty-michele
c39,H-mode plasma confinement and sheared-flow suppression of turbulence,Friedrich Wagner; Patrick H. Diamond; Keith H. Burrell,,Plasma physics / magnetic confinement fusion,1,fulop-tunde
c40,Interacting boson model and dynamical nuclear symmetries,Francesco Iachello,,Nuclear structure physics / mathematical physics,1,frank-alejandro
c41,Intrinsic magnetism in atomically thin van der Waals crystals,Xiaodong Xu; Pablo Jarillo-Herrero; Xiang Zhang,,Condensed matter physics (2D magnetism and quantum materials),1,baldini-edoardo
c42,Iron-based high-temperature superconductors,Hideo Hosono; Yoichi Kamihara,,Condensed matter physics / unconventional superconductivity,1,analytis-james
c43,Kardar-Parisi-Zhang universality and experimental confirmation,Mehran Kardar; Yi-Cheng Zhang; Kazumasa A. Takeuchi,,Statistical physics / non-equilibrium physics,1,alava-mikko
c44,Microscopic black-hole entropy and its connection to holography,Juan Maldacena; Andrew Strominger; Cumrun Vafa,,High-energy theory / quantum gravity,1,kim-seok
c45,Molecular astrophysics and interstellar-to-planetary chemistry,Ewine F. van Dishoeck; Alexander G. G. M. Tielens; Eric Herbst,,Astrophysics / astrochemistry and star and planet formation,1,jorgensen-jes-kristian
c46,Negative-refraction metamaterials and transformation optics,John B. Pendry; David R. Smith; Xiang Zhang,,Optics and photonics / metamaterials,1,wanare-harshawardhan
c47,Neutron halo nuclei,Isao Tanihata; Björn Jonson,,Nuclear physics (exotic nuclei / nuclear structure),1,forssen-christian
c48,Phase-sensitive proof of d-wave pairing in cuprates,Chang C. Tsuei; John R. Kirtley; Dale J. Van Harlingen,,Condensed matter physics: unconventional superconductivity,1,tanaka-yukio
c49,Plasma-based particle acceleration,Toshiki Tajima; Chandrashekhar Joshi; Victor Malka,,Plasma physics / high-intensity laser physics,1,brodin-gert
c50,Quantum error correction and topological quantum codes,Peter W. Shor; Andrew M. Steane; Alexei Kitaev,,Quantum information physics / quantum error correction,1,wallraff-andreas
c51,Quantum spin Hall and quantum anomalous Hall effects in topological insulators,Charles L. Kane; Laurens W. Molenkamp; Qi-Kun Xue,,Condensed matter physics (topological phases and quantum transport),1,xie-xincheng
c52,Room-temperature and giant tunnel magnetoresistance,Terunobu Miyazaki; Jagadeesh S. Moodera; Stuart S. P. Parkin,,Condensed matter physics: spintronics and magnetism,1,akerman-johan
c53,Rydberg-blockade neutral-atom arrays for quantum simulation and computing,Antoine Browaeys; Mikhail Lukin; Mark Saffman,,"Atomic, molecular and optical physics / quantum information",1,aspect-alain
c54,Self-amplified spontaneous emission X-ray free-electron lasers,Claudio Pellegrini; Evgeny Saldin; Kwang-Je Kim,,Accelerator physics / X-ray photon science,1,huotari-simo
c55,Semiconductor electron and nuclear spin qubits,Daniel Loss; Bruce E. Kane; Lieven M. K. Vandersypen,,Condensed matter physics / quantum information (semiconductor spin qubits),1,simmons-michelle
c56,Silicon microstrip and hybrid pixel particle detectors,Erik H. M. Heijne; Sherwood Parker; Pierre Jarron,,Experimental particle physics / detector instrumentation,1,lipton-ronald
c57,Theoretical foundations of trapped-ion quantum computing and atomic quantum simulation,Juan Ignacio Cirac; Peter Zoller,,"Atomic, molecular and optical physics / quantum information",1,bloch-immanuel
c58,Time reversal and wavefront shaping in scattering media,Mathias Fink; Allard P. Mosk; Ivo M. Vellekoop,,Optics and wave physics of complex media,1,gigan-sylvain
c59,Titanium-sapphire lasers and passive femtosecond mode-locking,Peter F. Moulton; Wilson Sibbett; Ursula Keller,,Ultrafast lasers and optics,1,strickland-donna
c60,Triplet-exciton harvesting through electrophosphorescence and delayed fluorescence,Stephen R. Forrest; Mark E. Thompson; Chihaya Adachi,,Condensed matter physics: organic semiconductors and optoelectronics,1,friend-richard
c61,Unitarity and on-shell methods for scattering amplitudes,Zvi Bern; Lance J. Dixon; David A. Kosower,,Theoretical particle physics / quantum field theory,1,shadmi-yael
